<?xml version="1.0" encoding="utf-8"?>
<manifest xmlns:android="http://schemas.android.com/apk/res/android"
    xmlns:tools="http://schemas.android.com/tools"
    package="id.co.ale.rainbowDev">

    <uses-sdk
        android:minSdkVersion="16"
        android:targetSdkVersion="23" />

    <!-- <uses-permission android:name="android.permission.READ_PROFILE" /> -->
    <uses-permission android:name="android.permission.INTERNET" />
    <uses-permission android:name="android.permission.READ_CONTACTS" />
    <uses-permission android:name="android.permission.READ_PHONE_STATE" />
    <!-- <uses-permission android:name="android.permission.WAKE_LOCK" /> -->
    <!-- <uses-permission android:name="android.permission.ACCESS_NETWORK_STATE" /> -->
    <!-- <uses-permission android:name="android.permission.ACCESS_WIFI_STATE" /> -->
    <uses-permission android:name="android.permission.READ_EXTERNAL_STORAGE" />
    <uses-permission android:name="android.permission.WRITE_EXTERNAL_STORAGE" />
    <uses-permission android:name="android.permission.CAMERA" />
    <uses-permission android:name="android.permission.RECORD_AUDIO" />
    <uses-permission android:name="android.permission.MEDIA_CONTENT_CONTROL" />
    <uses-permission android:name="android.permission.MODIFY_AUDIO_SETTINGS" />

    <application
        android:name=".MessengerService"
        android:allowBackup="true"
        android:icon="@mipmap/ic_launcher"
        android:label="@string/app_name"
        android:roundIcon="@mipmap/ic_launcher"
        android:supportsRtl="true"
        android:theme="@style/AppTheme">
        <provider
            android:name="android.support.v4.content.FileProvider"
            android:authorities="${applicationId}.provider"
            android:exported="false"
            android:grantUriPermissions="true">
            <meta-data
                android:name="android.support.FILE_PROVIDER_PATHS"
                android:resource="@xml/provider_paths" />
        </provider>

        <activity
            android:name=".MainActivity"
            android:screenOrientation="portrait"
            android:windowSoftInputMode="stateHidden">
            <intent-filter>
                <action android:name="android.intent.action.MAIN" />

                <category android:name="android.intent.category.LAUNCHER" />
            </intent-filter>
        </activity>
        <activity
            android:name=".LoginActivity"
            android:screenOrientation="portrait" />
        <activity
            android:name=".ImsgActivity"
            android:label="@string/app_name"
            android:screenOrientation="portrait"
            android:windowSoftInputMode="stateHidden" />
        <activity
            android:name=".ChatActivity"
            android:label="@string/title_activity_chat"
            android:screenOrientation="portrait"
            android:theme="@style/AppTheme" />
        <activity
            android:name=".ChatRoomActivity"
            android:label="@string/title_activity_chat"
            android:screenOrientation="portrait"
            android:theme="@style/AppTheme" />
        <activity
            android:name=".ContactDetailActivity"
            android:label="@string/title_activity_contact_detail"
            android:screenOrientation="portrait"
            android:theme="@style/AppTheme" />
        <activity
            android:name=".RoomDetailActivity"
            android:label="@string/title_activity_room_detail"
            android:screenOrientation="portrait"
            android:theme="@style/AppTheme" />
        <activity
            android:name=".ProfileActivity"
            android:label="@string/title_activity_profile"
            android:screenOrientation="portrait"
            android:theme="@style/AppTheme" />
        <activity
            android:name=".VoiceCallActivity"
            android:label="@string/title_activity_voice_call"
            android:screenOrientation="portrait"
            android:theme="@style/AppTheme">
            <intent-filter>
                <action android:name="act_rainbow_display_call_screen" />

                <category android:name="android.intent.category.DEFAULT" />
            </intent-filter>
        </activity>

        <service
            android:name=".Service.RainbowService"
            android:enabled="true"
            android:exported="true" />
        <activity
            android:name=".FrontPageActivity"
            android:label="Front Page"
            android:screenOrientation="portrait"
            android:theme="@style/AppTheme" />
        <activity
            android:name=".PromotionActivity"
            android:label="Promotion"
            android:screenOrientation="portrait"
            android:theme="@style/AppTheme" />
        <activity
            android:name=".InvitationActivity"
            android:label="@string/title_activity_invitation"
            android:screenOrientation="portrait"
            android:theme="@style/AppTheme" />
        <activity
            android:name=".RoomCreateActivity"
            android:label="@string/title_activity_room_create"
            android:screenOrientation="portrait"
            android:theme="@style/AppTheme"
            android:windowSoftInputMode="stateHidden" />
        <activity
            android:name=".CommentActivity"
            android:label="@string/title_activity_comment"
            android:screenOrientation="portrait"
            android:theme="@style/dialogFullTheme" />
        <activity
            android:name=".BroadcastActivity"
            android:label="@string/title_activity_broadcast"
            android:screenOrientation="portrait"
            android:theme="@style/AppTheme" />
        <activity
            android:name=".SettingActivity"
            android:label="@string/title_activity_setting"
            android:theme="@style/AppTheme" />
        <activity
            android:name=".AboutActivity"
            android:label="@string/title_activity_about"
            android:theme="@style/AppTheme" />
        <activity
            android:name="com.theartofdev.edmodo.cropper.CropImageActivity"
            android:theme="@style/Base.Theme.AppCompat" />
        <activity
            android:name="com.journeyapps.barcodescanner.CaptureActivity"
            android:screenOrientation="fullSensor"
            tools:replace="screenOrientation" />

    </application>

</manifest>